Species,Id,SepalLengthCm,SepalWidthCm,PetalLengthCm,PetalWidthCm
Iris-setosa,25.5,5.006,3.418,1.464,0.24400000000000002
Iris-versicolor,75.5,5.936,2.77,4.26,1.3259999999999998
Iris-virginica,125.5,6.587999999999999,2.9739999999999998,5.5520000000000005,2.026
